Id,Car_Name,Aspirational_Value,Age,km_driven,fuel,transmission,selling_price
1,WagonR,General,15,50000,Petrol,Manual,135000
7,Indigo,General,8,60000,Petrol,Manual,240000
9,Celerio,General,5,78000,CNG,Manual,365000
17,Amaze,General,8,141000,Diesel,Manual,450000
19,Xcent,General,6,25000,Petrol,Manual,550000
24,Indigo,General,8,100000,Petrol,Manual,250000
26,Ciaz,General,7,24000,Petrol,Manual,585000
28,Enjoy,General,9,33000,Diesel,Manual,390000
31,Brezza,General,4,4500,Diesel,Automatic,975000
33,Honda_City,General,4,14500,Petrol,Manual,930000
35,A6,Premium,9,50000,Diesel,Automatic,1735000
40,Jeep_Compass,Premium,3,10000,Petrol,Manual,1400000
42,i10,General,8,60000,Petrol,Manual,229999
50,Scorpio,Premium,13,120000,Diesel,Manual,411000
55,Eeco,General,4,10200,Petrol,Manual,401000
59,i20,General,8,70000,Diesel,Manual,465000
60,Alto,General,10,60000,Petrol,Manual,160000
68,Tavera,General,12,170000,Diesel,Manual,280000
69,Corolla,Premium,11,130000,Diesel,Manual,350000
70,Scorpio,Premium,5,60000,Diesel,Manual,570000
74,Indica,General,8,166000,Diesel,Manual,125000
75,Swift,General,16,110000,Petrol,Manual,130000
80,Rapid,General,8,120000,Diesel,Manual,450000
84,Elite,General,3,25000,Diesel,Manual,650000
86,Brio,General,7,20000,Petrol,Manual,371000
88,S-Class,Premium,5,6500,Diesel,Automatic,8150000
89,XUV500,Premium,7,70000,Diesel,Manual,750000
91,Santro,General,15,58000,Petrol,Manual,80000
92,Bolero,General,9,62200,Diesel,Manual,325000
104,Maruti 800,General,10,48000,Diesel,Automatic,2500000
105,Bolero,General,5,120000,Diesel,Manual,628000
107,Micra,General,5,30000,Petrol,Manual,399000
109,Elite,General,3,15000,Petrol,Manual,750000
111,Xylo,General,10,60000,Diesel,Manual,600000
114,KWID,General,5,25000,Petrol,Manual,350000
116,Swift,General,8,79350,Diesel,Manual,434000
117,Verna,General,6,80000,Petrol,Automatic,690000
121,Beat,General,9,60000,Diesel,Manual,165000
123,Baleno,General,4,20000,Petrol,Manual,550000
124,Swift,General,15,110000,Diesel,Manual,100000
129,Amaze,General,6,50000,Petrol,Manual,490000
137,Spark,General,10,80000,Petrol,Manual,130000
140,Santro,General,19,57000,Petrol,Manual,75000
146,Ciaz,General,7,100000,Diesel,Manual,525000
148,Santro,General,20,70000,Petrol,Manual,65000
149,Brezza,General,4,35000,Diesel,Manual,800000
150,Santro,General,15,114000,Petrol,Manual,75000
154,EON,General,10,60000,Petrol,Manual,170000
156,WagonR,General,8,90000,LPG,Manual,210000
159,Spark,General,11,100000,Petrol,Manual,99000
170,Beat,General,11,90000,Petrol,Manual,120000
176,Maruti 800,General,18,60000,Petrol,Manual,80000
187,Vento,General,6,70000,Diesel,Automatic,650000
192,Duster,Premium,10,110000,Diesel,Manual,434999
204,Enjoy,General,9,20000,Diesel,Manual,425000
205,EON,General,8,55000,Petrol,Manual,265000
206,Linea,General,4,1136,Petrol,Manual,890000
209,Ciaz,General,6,60000,Diesel,Manual,685000
211,XUV500,Premium,5,40000,Diesel,Manual,1000000
216,i20,General,10,58000,Diesel,Manual,385000
217,Mercedes_C_Class,Premium,9,15000,Diesel,Automatic,2000000
219,Ameo,General,5,56000,Diesel,Manual,640000
220,Alto,General,16,120000,Petrol,Manual,52000
226,Scorpio,Premium,5,20000,Diesel,Manual,1500000
231,SX4,General,14,60000,Petrol,Manual,225000
240,Fabia,General,12,87000,Diesel,Manual,180000
251,Fiesta,General,16,120000,Diesel,Manual,110000
256,Sumo,General,16,100000,Diesel,Manual,115999
260,Jazz,General,13,50000,Petrol,Manual,300000
263,Sumo,General,20,120000,Diesel,Manual,100000
265,Swift,General,5,70000,Diesel,Manual,450000
268,Alto,General,15,175000,Petrol,Manual,100000
272,Bolero,General,3,35000,Diesel,Manual,860000
274,WagonR,General,12,80000,Petrol,Manual,100000
282,Brio,General,5,20000,Petrol,Manual,350000
283,Etios,General,9,50000,Petrol,Manual,229999
284,Alto,General,9,50000,Petrol,Manual,110000
287,Bolero,General,11,90000,Diesel,Manual,350000
288,XUV500,Premium,2,25000,Diesel,Manual,1400000
291,Duster,Premium,7,15000,Diesel,Manual,800000
292,EON,General,4,30000,Petrol,Manual,229999
296,EON,General,7,70000,Petrol,Manual,160000
298,Figo,General,4,14681,Diesel,Manual,624000
302,Sail,General,8,30000,Petrol,Manual,350000
308,Tiago,General,3,19600,Petrol,Manual,425000
317,BMW_320D,Premium,9,167223,Diesel,Automatic,2000000
319,X1,Premium,11,60000,Diesel,Automatic,1375000
326,Swift,General,4,25000,Diesel,Manual,800000
332,Baleno,General,16,120000,Petrol,Manual,80000
333,Indica,General,19,120000,Diesel,Manual,50000
334,Verna,General,4,25000,Diesel,Manual,900000
337,Swift,General,7,60000,Diesel,Manual,490000
339,Nano,General,9,25000,Petrol,Manual,55000
340,Grand_i10,General,6,25000,Petrol,Manual,350000
342,Ertiga,General,5,60000,Diesel,Manual,720000
348,Swift,General,5,38000,Petrol,Manual,550000
353,Swift,General,15,120000,Petrol,Manual,250000
358,SX4,General,15,90000,Petrol,Manual,100000
360,Santro,General,12,98000,CNG,Manual,130000
364,Swift,General,8,90000,Diesel,Manual,400000
367,KWID,General,4,35000,Petrol,Manual,325000
377,i20,General,12,40000,Petrol,Manual,250000
393,Scorpio,Premium,25,170000,Petrol,Manual,220000
394,Bolero,General,12,50000,Diesel,Manual,400000
399,Supro,General,5,160000,Diesel,Manual,500000
403,WagonR,General,18,60000,Petrol,Manual,80000
404,Alto,General,6,30000,Petrol,Manual,300000
407,Safari,Premium,12,120000,Diesel,Manual,250000
410,Brio,General,4,20000,Petrol,Manual,475000
416,Brezza,General,4,10000,Diesel,Manual,850000
428,Grand_i10,General,7,61690,Petrol,Manual,400000
432,Figo,General,11,70000,Diesel,Manual,220000
433,Brio,General,10,85962,Petrol,Manual,300000
435,Mobilio,General,7,120000,Diesel,Manual,600000
439,Figo,General,7,45000,Petrol,Manual,229999
441,Nano,General,11,15000,Petrol,Manual,75000
442,i20,General,6,30000,Petrol,Manual,600000
448,KWID,General,5,30000,Petrol,Manual,390000
452,WagonR,General,4,24000,Petrol,Automatic,420000
455,TUV,General,4,50000,Diesel,Manual,760000
456,Maruti 800,General,20,100000,Petrol,Manual,43000
463,Beat,General,11,80000,Petrol,Manual,225000
469,i10,General,13,120000,Petrol,Manual,120000
471,Swift,General,17,80000,Petrol,Manual,110000
474,Figo,General,11,149000,Diesel,Manual,175000
480,Alto,General,7,30000,Petrol,Manual,275000
482,EON,General,10,90000,LPG,Manual,180000
486,Bolero,General,15,120000,Diesel,Manual,225000
487,Mobilio,General,8,44000,Diesel,Manual,600000
492,i10,General,13,27633,Petrol,Manual,270000
496,Avventura,General,4,38083,Diesel,Manual,650000
498,Figo,General,10,81632,Diesel,Manual,425000
504,Figo,General,12,86017,Diesel,Manual,325000
506,Ikon,General,16,91086,Petrol,Manual,180000
508,EcoSport,Premium,9,125531,Diesel,Manual,600000
510,Laura,General,16,100000,Diesel,Manual,350000
512,Xylo,General,13,120000,Diesel,Manual,225000
516,Indigo,General,8,120000,Diesel,Manual,225000
517,Amaze,General,9,65000,Diesel,Manual,325000
526,Fortuner,Premium,5,41000,Diesel,Automatic,2750000
527,Verna,General,9,65000,Diesel,Manual,484999
529,Swift,General,9,61083,Diesel,Manual,425000
531,Scorpio,Premium,10,72000,Diesel,Manual,565000
538,Mercedes_GL_Class,Premium,8,100000,Diesel,Automatic,4400000
539,Swift,General,6,7104,Petrol,Manual,670000
549,Innova,General,4,23974,Diesel,Automatic,1725000
552,C-Class,Premium,4,10000,Diesel,Automatic,3800000
555,Creta,Premium,6,52600,Diesel,Manual,535000
574,Creta,Premium,6,52600,Diesel,Manual,535000
596,Swift,General,6,7104,Petrol,Manual,670000
597,Ertiga,General,7,11918,Petrol,Manual,625000
598,Grand_i10,General,5,10510,Petrol,Automatic,520000
599,Beat,General,6,41000,Petrol,Manual,239000
603,A6,Premium,9,58500,Diesel,Automatic,1300000
605,Laura,General,10,52000,Diesel,Manual,385000
606,Verna,General,7,55340,Petrol,Manual,760000
608,Duster,Premium,9,1000,Diesel,Manual,450000
609,C-Class,Premium,4,10000,Diesel,Automatic,3800000
610,A4,Premium,9,86000,Diesel,Automatic,1580000
615,Swift,General,6,7104,Petrol,Manual,670000
616,Ertiga,General,7,11918,Petrol,Manual,625000
623,Santro,General,17,56580,Petrol,Manual,80000
625,Verna,General,7,55340,Petrol,Manual,760000
626,Swift,General,5,46507,Diesel,Manual,600000
630,Scorpio,Premium,6,35000,Diesel,Manual,900000
646,Zen,General,14,90000,Petrol,Manual,140000
652,Swift,General,4,17500,Petrol,Manual,540000
655,i10,General,9,88600,LPG,Manual,250000
663,Santro,General,20,60000,Petrol,Manual,55000
664,Verna,General,15,100000,Diesel,Manual,155000
665,Thar,General,3,15000,Diesel,Manual,900000
673,Alto,General,7,70000,Petrol,Manual,190000
674,Bolero,General,11,140000,Diesel,Manual,311000
680,Nano,General,9,27974,Petrol,Manual,58000
681,Alto,General,4,40000,Petrol,Manual,183000
695,WagonR,General,13,53000,Petrol,Manual,150000
696,Jetta,General,12,100000,Diesel,Manual,250000
697,Verna,General,10,86000,Diesel,Manual,390000
699,Xcent,General,6,30000,Diesel,Manual,600000
703,Cruze,General,12,124000,Diesel,Manual,330000
712,Brezza,General,6,39503,Diesel,Manual,699000
713,Grand_i10,General,9,35299,Petrol,Manual,325000
718,Etios,General,11,41125,Petrol,Manual,249000
726,Superb,General,9,61624,Petrol,Automatic,599000
728,Verna,General,8,50000,Diesel,Manual,550000
734,i20,General,12,90000,Petrol,Manual,210000
741,EON,General,4,20629,Petrol,Manual,325000
743,Grand_i10,General,7,30000,Petrol,Automatic,400000
745,Maruti 800,General,19,54000,Petrol,Manual,98000
746,XUV500,Premium,9,63654,Diesel,Manual,900000
747,Lodgy,General,5,60000,Diesel,Manual,700000
749,Swift,General,7,59385,Diesel,Manual,490000
751,WagonR,General,9,55425,Petrol,Manual,330000
753,Bolero,General,4,40890,Diesel,Manual,790000
756,Ciaz,General,5,55545,Diesel,Manual,750000
759,Indica,General,13,120000,Petrol,Manual,68000
760,EON,General,5,20000,Petrol,Manual,290000
761,City,General,8,27483,Diesel,Manual,600000
765,Zen,General,16,70000,Petrol,Manual,80000
770,Polo,Premium,11,63657,Diesel,Manual,220000
780,SX4,General,11,90000,Diesel,Manual,220000
782,Verna,General,9,89000,Petrol,Manual,530000
784,Punto,General,10,100000,Diesel,Manual,185000
792,Scorpio,Premium,7,60000,Diesel,Manual,600000
795,Swift,General,7,24600,Petrol,Manual,475000
796,WagonR,General,11,28481,Petrol,Manual,260000
799,WagonR,General,13,30375,Petrol,Manual,180000
805,Bolero,General,5,50000,Diesel,Manual,400000
806,XUV500,Premium,10,53600,Diesel,Manual,711000
807,Innova,General,7,53652,Diesel,Manual,851000
808,Ertiga,General,8,25000,Petrol,Manual,500000
809,Innova,General,15,80000,Diesel,Manual,250000
823,Grand_i10,General,7,90000,Petrol,Manual,350000
833,Creta,Premium,6,80000,Diesel,Manual,900000
840,Marazzo,General,4,15000,Diesel,Manual,950000
842,Duster,Premium,9,120000,Diesel,Manual,450000
844,Swift,General,7,90000,Petrol,Manual,400000
845,Omni,General,4,10000,Petrol,Manual,200000
850,Hexa,General,5,50000,Diesel,Automatic,1200000
854,Nano,General,9,40000,Petrol,Manual,60000
860,Swift,General,5,90000,Diesel,Manual,425000
866,i10,General,14,90000,Petrol,Manual,150000
868,Sunny,General,9,80000,Diesel,Manual,450000
885,Sunny,General,7,50000,Diesel,Manual,450000
886,Etios,General,10,56000,Diesel,Manual,409999
890,i10,General,12,60000,Petrol,Manual,210000
891,Santro,General,16,120000,Petrol,Manual,90000
892,WagonR,General,12,70000,Petrol,Manual,222000
901,Grand_i10,General,5,19890,Petrol,Automatic,550000
903,Ertiga,General,7,11918,Petrol,Manual,625000
904,Grand_i10,General,5,10510,Petrol,Automatic,520000
919,SX4,General,10,110000,Petrol,Manual,225000
921,Swift,General,6,7104,Petrol,Manual,670000
922,Ertiga,General,7,11918,Petrol,Manual,625000
927,i10,General,10,49824,Petrol,Manual,229999
928,A6,Premium,9,58500,Diesel,Automatic,1300000
931,Verna,General,7,55340,Petrol,Manual,760000
933,Jetta,General,10,55300,Diesel,Automatic,735000
934,Indica,General,10,74300,Diesel,Manual,285000
937,Vento,General,5,40219,Diesel,Automatic,890000
939,Eeco,General,5,8352,Petrol,Manual,425000
941,Grand_i10,General,5,9748,Petrol,Manual,550000
942,Polo,Premium,10,49000,Petrol,Manual,271000
943,Creta,Premium,4,20694,Diesel,Manual,1490000
944,Grand_i10,General,7,31080,Petrol,Manual,490000
952,Rapid,General,7,46957,Diesel,Automatic,599000
955,Scorpio,Premium,10,110000,Diesel,Manual,600000
959,Alto,General,3,5000,Petrol,Manual,350000
960,Swift,General,7,60000,Diesel,Manual,475000
963,Sail,General,8,120000,Diesel,Manual,250000
981,Scorpio,Premium,12,110000,Diesel,Manual,385000
982,Punto,General,8,70000,Diesel,Manual,325000
985,Indica,General,8,25000,Diesel,Manual,250000
990,Scorpio,Premium,10,90000,Diesel,Manual,550000
994,EON,General,10,70000,Petrol,Manual,160000
995,Endeavour,Premium,11,90000,Diesel,Automatic,1000000
1000,Creta,Premium,2,10000,Diesel,Manual,1050000
1002,i20,General,6,25000,Petrol,Manual,600000
1006,Brio,General,5,15000,Petrol,Manual,400000
1010,Rapid,General,7,23000,Petrol,Manual,640000
1015,Figo,General,4,35000,Petrol,Manual,550000
1017,Pajero,Premium,10,167870,Diesel,Manual,1025000
1019,C-Class,Premium,4,10000,Diesel,Automatic,3800000
1021,X5,Premium,3,30000,Diesel,Automatic,4950000
1022,City,General,4,23038,Petrol,Automatic,1140000
1027,Grand_i10,General,5,10510,Petrol,Automatic,520000
1031,A6,Premium,9,58500,Diesel,Automatic,1300000
1034,i20,General,9,52000,Diesel,Manual,280000
1036,Verito,General,7,90000,Diesel,Manual,300000
1044,Ertiga,General,10,110000,Diesel,Manual,555000
1045,Ecosport,Premium,9,60000,Diesel,Manual,500000
1047,EON,General,5,28838,Petrol,Manual,280000
1049,Indica,General,16,100000,Diesel,Manual,55000
1052,Jeep,General,15,100000,Diesel,Manual,95000
1057,Jazz,General,4,19571,Diesel,Manual,790000
1060,Brezza,General,4,15000,Diesel,Automatic,950000
1063,A4,Premium,4,22000,Petrol,Automatic,3100000
1067,Alto,General,6,60000,Petrol,Manual,245000
1070,Grand_i10,General,5,20000,Petrol,Manual,540000
1079,Q5,Premium,8,62237,Petrol,Automatic,1850000
1089,Polo,Premium,5,44000,Petrol,Manual,650000
1092,City,General,8,17000,Petrol,Manual,690000
1096,Sumo,General,6,42000,Diesel,Manual,509999
1099,Indica,General,16,170000,Diesel,Manual,85000
1100,Indigo,General,13,110000,Diesel,Manual,130000
1101,EcoSport,Premium,4,27620,Diesel,Manual,950000
1105,Mercedes_C_Class,Premium,8,46000,Diesel,Automatic,2490000
1106,Innova,General,10,82000,Diesel,Manual,790000
1109,Indica,General,12,70000,Petrol,Manual,99000
1111,Xylo,General,9,170000,Diesel,Manual,250000
1117,Scorpio,Premium,6,161327,Diesel,Manual,675000
1118,i10,General,13,60000,Petrol,Manual,150000
1120,Grand_i10,General,4,6000,Petrol,Manual,450000
1123,Scorpio,Premium,11,70000,Diesel,Automatic,525000
1126,Amaze,General,7,110000,Diesel,Manual,475000
1127,Scorpio,Premium,12,165000,Diesel,Automatic,380000
1129,Alto,General,14,60000,Petrol,Manual,91200
1135,Ecosport,Premium,9,72000,Diesel,Manual,425000
1136,WagonR,General,9,71000,CNG,Manual,250000
1137,Swift,General,13,110000,Petrol,Manual,200000
1139,Polo,Premium,12,144000,Diesel,Manual,130000
1140,Eeco,General,5,30000,Petrol,Manual,260000
1141,Verna,General,15,65000,Petrol,Manual,155000
1144,i20,General,4,37000,Diesel,Manual,650000
1149,i10,General,10,40000,Petrol,Manual,240000
1152,EON,General,7,32000,Petrol,Manual,245000
1153,Bolero,General,6,56000,Diesel,Manual,600000
1155,Scorpio,Premium,8,80000,Diesel,Manual,620000
1156,Swift,General,8,52000,Petrol,Manual,395000
1158,Alto,General,11,36000,Petrol,Manual,180000
1168,Bolero,General,4,44000,Diesel,Manual,550000
1170,Scorpio,Premium,5,120000,Diesel,Manual,750000
1171,Zen,General,17,90000,Petrol,Manual,90000
1183,Duster,Premium,5,32000,Diesel,Manual,610000
1186,i20,General,9,90000,Diesel,Manual,300000
1187,Xcent,General,7,72000,Diesel,Manual,375000
1188,Swift,General,9,90000,Diesel,Manual,390000
1192,Grand_i10,General,5,10000,Petrol,Manual,375000
1195,i10,General,5,10000,Petrol,Manual,375000
1201,Bolero,General,6,60000,Diesel,Manual,500000
1202,Brezza,General,6,85000,Diesel,Manual,819999
1203,Swift,General,8,40000,Petrol,Manual,351000
1204,i10,General,11,80000,Petrol,Manual,195000
1207,A-Star,General,13,70000,Petrol,Manual,180000
1209,Nano,General,10,35000,Petrol,Manual,75000
1211,Nano,General,11,40000,Petrol,Manual,60000
1217,Baleno,General,4,25000,Petrol,Automatic,550000
1218,Alto,General,10,90000,Petrol,Manual,200000
1224,Indica,General,12,107500,Diesel,Manual,170000
1225,Indica,General,9,135000,Diesel,Manual,210000
1227,i20,General,6,55838,Petrol,Manual,535000
1234,Swift,General,13,80659,Petrol,Manual,250000
1235,Aveo,General,14,81324,Petrol,Manual,170000
1237,Beat,General,7,50000,Petrol,Manual,200000
1238,Beat,General,6,25000,Petrol,Manual,300000
1242,Amaze,General,9,95851,Diesel,Manual,310000
1244,Omni,General,14,50000,Petrol,Manual,150000
1245,Esteem,General,16,60000,Petrol,Manual,85000
1246,Alto,General,7,15000,Petrol,Manual,280000
1249,Elantra,General,16,120000,Diesel,Manual,125000
1258,Indigo,General,13,20000,Diesel,Manual,100000
1259,Figo,General,6,15000,Petrol,Manual,380000
1260,Santro,General,15,50000,Petrol,Manual,100000
1264,Figo,General,10,130000,Diesel,Manual,190000
1265,EcoSport,Premium,5,19014,Petrol,Manual,650000
1269,Ignis,General,4,12000,Petrol,Manual,500000
1270,Etios,General,9,40771,Petrol,Manual,415000
1271,Celerio,General,7,30500,Petrol,Automatic,395000
1273,Corolla,Premium,15,55800,Petrol,Manual,215000
1277,Figo,General,8,68293,Diesel,Manual,285000
1281,Maruti 800,General,16,64700,Petrol,Manual,78000
1282,Maruti 800,General,20,100000,Petrol,Manual,65000
1283,Zest,General,6,88470,Diesel,Manual,400000
1287,Etios,General,5,70000,Diesel,Manual,780000
1291,Vento,General,7,98000,Diesel,Manual,525000
1293,Ameo,General,4,70000,Diesel,Manual,580000
1297,City,General,18,230000,Petrol,Manual,180000
1301,Alturas,General,3,5000,Diesel,Automatic,2700000
1303,Bolero,General,7,70000,Diesel,Manual,640000
1307,Ritz,General,10,80000,Diesel,Manual,110000
1312,WagonR,General,9,70000,Petrol,Manual,240000
1314,WagonR,General,7,60000,Petrol,Manual,275000
1319,WagonR,General,15,80000,Petrol,Manual,85000
1320,Scorpio,Premium,14,80000,Diesel,Manual,350000
1322,Swift,General,2,1500,Petrol,Manual,619000
1324,Indica,General,16,100000,Diesel,Manual,55000
1325,Fiesta,General,16,83411,Petrol,Manual,95000
1328,Superb,General,7,80000,Diesel,Automatic,1000000
1330,Bolero,General,7,40000,Diesel,Manual,450000
1335,Swift,General,9,90000,Diesel,Manual,400000
1338,i20,General,6,57000,Diesel,Manual,580000
1344,Figo,General,12,100000,Diesel,Manual,200000
1358,City,General,8,110000,Diesel,Manual,725000
1361,WagonR,General,19,90000,Petrol,Manual,70000
1365,Swift,General,7,100000,Diesel,Manual,530000
1367,City,General,12,115000,Petrol,Manual,350000
1369,Swift,General,3,120000,Diesel,Manual,475000
1373,Swift,General,8,120000,Diesel,Manual,475000
1380,Indica,General,12,120000,Petrol,Manual,100000
1382,EON,General,9,120000,Petrol,Manual,200000
1384,Ritz,General,8,133000,Diesel,Manual,350000
1392,Aria,General,8,90000,Diesel,Manual,495000
1397,Grand_i10,General,7,61658,Diesel,Manual,350000
1399,Ertiga,General,6,80000,Diesel,Manual,600000
1402,Maruti 800,General,20,60000,Petrol,Manual,50000
1403,City,General,18,120000,Petrol,Manual,125000
1404,CR-V,Premium,4,26000,Diesel,Automatic,1800000
1409,Xcent,General,6,35000,Diesel,Manual,430000
1416,Zen,General,15,100000,Petrol,Manual,140000
1420,Baleno,General,6,60000,Diesel,Manual,675000
1426,Grand_i10,General,2,5000,Petrol,Manual,600000
1428,Swift,General,11,100000,Petrol,Manual,300000
1429,Baleno,General,4,2000,Petrol,Manual,600000
1431,Indica,General,16,120000,Diesel,Manual,50000
1432,Verna,General,7,35000,Petrol,Manual,600000
1459,Laura,General,10,52000,Diesel,Manual,385000
1461,Beat,General,9,50000,Petrol,Manual,165000
1466,Nano,General,8,7000,Petrol,Manual,45000
1471,Amaze,General,7,60000,Diesel,Manual,400000
1472,KUV,General,5,71000,Diesel,Manual,380000
1473,City,General,6,45000,Petrol,Automatic,750000
1481,Verna,General,10,89550,Diesel,Manual,575000
1484,Duster,Premium,9,160000,Diesel,Manual,500000
1490,Spark,General,12,45000,Petrol,Manual,175000
1493,Omni,General,8,120000,Petrol,Manual,150000
1494,Indica,General,11,10000,Diesel,Manual,149000
1495,Indica,General,11,80000,Diesel,Manual,160000
1497,XUV500,Premium,8,156000,Diesel,Manual,800000
1498,Innova,General,12,120000,Diesel,Manual,819999
1505,Polo,Premium,9,100000,Diesel,Manual,434999
1506,Indigo,General,16,110000,Petrol,Manual,100000
1508,Indica,General,13,100000,Petrol,Manual,200000
1512,Rapid,General,10,120000,Diesel,Manual,275000
1514,XUV500,Premium,2,25000,Diesel,Manual,1400000
1522,Grand_i10,General,9,44000,Petrol,Manual,345000
1534,Mobilio,General,6,50000,Diesel,Manual,680000
1537,Manza,General,12,50000,Petrol,Manual,150000
1546,Alto,General,8,40000,Petrol,Manual,200999
1549,Indigo,General,10,110000,Diesel,Manual,160000
1554,City,General,10,10000,Petrol,Manual,700000
1565,Santro,General,3,10000,Petrol,Manual,480000
1567,Polo,Premium,11,60000,Diesel,Manual,290000
1574,Baleno,General,5,60000,Petrol,Manual,509000
1575,SX4,General,6,80000,Diesel,Manual,650000
1581,Alto,General,16,100000,Petrol,Manual,105000
1586,Swift,General,13,60000,Petrol,Manual,250000
1588,Alto,General,14,100000,Petrol,Manual,69000
1590,Zen,General,15,90000,Petrol,Manual,90000
1593,Alto,General,2,1100,Petrol,Manual,250000
1599,Indigo,General,10,120000,Diesel,Manual,130000
1601,Civic,Premium,16,70000,Petrol,Automatic,125000
1604,Santro,General,14,85000,Petrol,Manual,125000
1609,Swift,General,17,118400,Petrol,Manual,85000
1612,Ecosport,Premium,7,68000,Diesel,Manual,650000
1614,Etios,General,5,6480,Petrol,Manual,650000
1616,Yaris,General,4,19107,Petrol,Manual,850000
1618,Swift,General,7,28217,Petrol,Manual,415000
1622,Creta,Premium,7,58692,Diesel,Manual,850000
1624,Corolla,Premium,6,64156,Petrol,Manual,1150000
1626,Vento,General,10,97000,Diesel,Manual,215000
1627,SX4,General,13,120000,Petrol,Automatic,130000
1630,Beat,General,6,52000,Petrol,Manual,245000
1633,Fusion,General,17,100000,Petrol,Manual,120000
1637,WagonR,General,5,30000,Petrol,Manual,350000
1638,WagonR,General,17,40000,Petrol,Manual,80000
1642,Sail,General,6,30000,Petrol,Manual,250000
1646,EON,General,6,80000,Petrol,Manual,229999
1652,Fabia,General,10,50000,Petrol,Manual,300000
1655,Esteem,General,16,110000,Petrol,Manual,95000
1656,Polo,Premium,9,100000,Petrol,Manual,400000
1663,Alto,General,5,30000,Petrol,Manual,250000
1665,Swift,General,10,90000,Petrol,Manual,368000
1666,Innova,General,8,144000,Diesel,Manual,650000
1667,WagonR,General,10,60000,LPG,Manual,180000
1675,Santro,General,14,100000,Petrol,Manual,130000
1679,Amaze,General,9,53000,Diesel,Manual,450000
1681,SX4,General,11,90000,Diesel,Manual,260000
1682,Swift,General,9,80000,Diesel,Manual,370000
1685,Innova,General,9,170000,Diesel,Manual,700000
1686,Elite,General,2,7300,Petrol,Manual,545000
1690,Thar,General,9,25000,Diesel,Manual,580000
1692,Grand_i10,General,4,6000,Petrol,Manual,450000
1693,Alto,General,12,36000,Petrol,Manual,160000
1697,Bolero,General,3,24000,Diesel,Manual,800000
1698,Swift,General,4,20000,Diesel,Manual,680000
1700,Innova,General,6,70000,Diesel,Manual,1300000
1701,Swift,General,6,60000,Petrol,Manual,500000
1702,Q5,Premium,7,35000,Diesel,Automatic,3500000
1713,Ecosport,Premium,2,101,Diesel,Manual,1000000
1714,Figo,General,7,52328,Diesel,Manual,495000
1723,Maruti 800,General,13,50000,Petrol,Manual,125000
1726,Brezza,General,5,40000,Diesel,Manual,875000
1729,Accent,General,18,110000,Petrol,Manual,120000
1731,Duster,Premium,9,120000,Diesel,Manual,650000
1733,Amaze,General,8,15000,Petrol,Automatic,400000
1735,Santro,General,14,41723,Petrol,Manual,120000
1737,Alto,General,10,20000,Petrol,Manual,175000
1745,Evalia,General,8,28245,Diesel,Manual,650000
1746,Grand_i10,General,5,27005,Diesel,Manual,575000
1747,i10,General,8,39227,Petrol,Manual,355000
1749,WagonR,General,14,35008,Petrol,Manual,221000
1751,Santro,General,18,100005,Petrol,Manual,90000
1756,RediGO,General,4,2769,Petrol,Manual,375000
1764,XUV500,Premium,7,55000,Diesel,Manual,850000
1774,Ecosport,Premium,2,1010,Petrol,Manual,1030000
1777,Ecosport,Premium,2,1010,Diesel,Manual,1331000
1782,Scorpio,Premium,7,70000,Diesel,Manual,830000
1786,Accent,General,16,110000,Petrol,Manual,120000
1789,WagonR,General,9,80000,Petrol,Manual,213000
1805,Alto,General,15,70000,Petrol,Manual,135000
1816,Ertiga,General,10,120000,Diesel,Manual,600000
1820,Creta,Premium,4,70000,Diesel,Manual,950000
1822,XUV500,Premium,10,120000,Diesel,Manual,700000
1828,Scorpio,Premium,7,50000,Diesel,Manual,630000
1831,C-Class,Premium,4,10000,Diesel,Automatic,3800000
1832,A4,Premium,9,86000,Diesel,Automatic,1580000
1836,Grand_i10,General,5,19890,Petrol,Automatic,550000
1838,Ertiga,General,7,11918,Petrol,Manual,625000
1842,S-Cross,General,7,45974,Diesel,Manual,750000
1856,Alto,General,10,40000,Petrol,Manual,260000
1857,Polo,Premium,10,55000,Diesel,Manual,265000
1859,Safari,Premium,6,80000,Diesel,Manual,869999
1860,Baleno,General,4,40000,Petrol,Manual,690000
1873,Indica,General,10,80000,Diesel,Manual,150000
1878,Polo,Premium,10,55000,Diesel,Manual,265000
1883,Baleno,General,4,40000,Petrol,Manual,690000
1885,Maruti 800,General,9,70000,Petrol,Manual,170000
1890,WagonR,General,17,100000,Petrol,Manual,100000
1891,Indica,General,14,110000,Petrol,Manual,65000
1892,Verna,General,10,90000,Diesel,Manual,312000
1894,Santro,General,17,47000,Petrol,Manual,150000
1902,Figo,General,5,35122,Diesel,Manual,600000
1906,Beat,General,9,50000,Petrol,Manual,200000
1908,Rapid,General,5,40000,Diesel,Automatic,750000
1909,Swift,General,3,22000,Diesel,Automatic,725000
1910,Alto,General,15,100000,Petrol,Manual,100000
1920,Bolero,General,15,130000,Diesel,Manual,185000
1925,Punto,General,12,50000,Petrol,Manual,80000
1926,Xcent,General,4,8000,Petrol,Manual,500000
1931,Scorpio,Premium,12,90000,Diesel,Manual,480000
1932,KUV,General,4,30000,Petrol,Manual,320000
1934,Indica,General,16,80000,Diesel,Manual,57000
1938,City,General,18,100000,Petrol,Manual,105000
1941,Indigo,General,10,90000,Diesel,Manual,130000
1943,Amaze,General,6,50000,Petrol,Manual,330000
1944,WagonR,General,8,15000,Petrol,Manual,340000
1946,Safari,Premium,8,78322,Diesel,Manual,550000
1958,Safari,Premium,9,80000,Diesel,Manual,430000
1959,Bolero,General,13,55000,Diesel,Manual,300000
1962,Verna,General,11,31000,Diesel,Manual,500000
1963,WagonR,General,11,50000,Petrol,Manual,250000
1964,Swift,General,4,38217,Diesel,Manual,700000
1971,Harrier,Premium,3,10000,Diesel,Manual,1700000
1976,WagonR,General,5,30000,Petrol,Manual,350000
1977,i10,General,11,50000,Petrol,Manual,250000
1980,Indica,General,13,30000,Diesel,Manual,150000
1986,Corolla,Premium,14,35000,Petrol,Manual,400000
1990,WagonR,General,15,60000,Petrol,Manual,80000
1992,Accent,General,11,60000,Petrol,Manual,150000
1998,Alto,General,15,100000,Petrol,Manual,125000
2001,Swift,General,8,80000,Diesel,Manual,458000
2003,Alto,General,14,70000,Petrol,Manual,95000
2015,i10,General,12,90000,Petrol,Manual,150000
2020,Alto,General,4,16584,Petrol,Manual,300000
2022,WagonR,General,12,51000,Petrol,Manual,221000
2025,Santro,General,20,120000,Petrol,Manual,60000
2029,XUV500,Premium,7,60000,Diesel,Automatic,1250000
2036,Grand_i10,General,5,44000,Diesel,Manual,509999
2037,Nano,General,7,45000,Petrol,Manual,110000
2041,E-Class,Premium,9,35000,Petrol,Automatic,1000000
2042,Alto,General,9,25000,Petrol,Manual,92800
2049,EON,General,10,70000,Petrol,Manual,215000
2050,Fiesta,General,13,110000,Diesel,Manual,150000
2051,Alto,General,19,5000,Petrol,Manual,60000
2055,Verna,General,14,90000,Petrol,Manual,120000
2059,XUV500,Premium,4,58000,Diesel,Manual,1150000
2062,Nano,General,7,57000,Petrol,Manual,73000
2063,Swift,General,7,87000,Diesel,Manual,400000
2064,KWID,General,5,70000,Petrol,Manual,300000
2066,Swift,General,10,80000,Diesel,Manual,450000
2069,Grand_i10,General,5,3917,Petrol,Manual,550000
2073,SX4,General,10,69069,Petrol,Manual,310000
2075,WagonR,General,8,59059,Petrol,Manual,300000
2076,Accent,General,9,70000,Petrol,Manual,200000
2087,KWID,General,5,10000,Petrol,Manual,300000
2089,WagonR,General,6,30000,CNG,Manual,350000
2100,WR-V,Premium,5,140000,Diesel,Manual,650000
2103,Zen,General,11,33000,Petrol,Manual,280000
2109,WagonR,General,12,70000,Petrol,Manual,222000
2114,Verna,General,11,72000,Diesel,Manual,210000
2116,Innova,General,11,135200,Diesel,Manual,450000
2120,EcoSport,Premium,5,35000,Diesel,Manual,825000
2121,Accent,General,15,76000,Petrol,Manual,125000
2125,Civic,Premium,16,120000,Petrol,Manual,220000
2126,BR-V,General,2,1100,Petrol,Manual,1250000
2129,EcoSport,Premium,4,15000,Diesel,Manual,615000
2130,Beat,General,10,58000,Diesel,Manual,130000
2135,D-Max,General,4,40000,Diesel,Manual,1500000
2140,Bolero,General,4,80000,Diesel,Manual,700000
2141,Alto,General,8,40000,Petrol,Manual,175000
2143,Ritz,General,6,100000,Diesel,Manual,380000
2153,Indigo,General,14,150000,Diesel,Manual,80000
2154,EcoSport,Premium,3,17000,Diesel,Manual,950000
2158,Amaze,General,9,120000,Diesel,Manual,349000
2159,i20,General,10,90000,Petrol,Manual,330000
2162,Swift,General,8,90000,Diesel,Manual,390000
2164,Scorpio,Premium,12,166000,Diesel,Automatic,350000
2168,Grand_i10,General,7,60000,Diesel,Manual,300000
2171,EON,General,7,21000,Petrol,Manual,295000
2172,Jaguar,Premium,10,66363,Petrol,Automatic,2050000
2174,Verna,General,5,10000,Petrol,Automatic,1100000
2176,Swift,General,6,7104,Petrol,Manual,670000
2177,S-Cross,General,7,45974,Diesel,Manual,750000
2178,Verna,General,7,55340,Petrol,Manual,760000
2181,Celerio,General,6,39415,Petrol,Automatic,450000
2182,Brio,General,8,29654,Petrol,Manual,425000
2188,Tiago,General,4,10000,Petrol,Manual,539000
2194,Scorpio,Premium,13,170000,Diesel,Automatic,360000
2195,Santro,General,19,110000,Petrol,Manual,85000
2197,GO,General,7,25000,Petrol,Manual,380000
2198,i10,General,13,80000,Petrol,Manual,140000
2199,WagonR,General,10,90000,Petrol,Manual,200000
2201,Indica,General,10,80000,Diesel,Manual,150000
2204,KWID,General,5,50000,Petrol,Manual,280000
2206,Aveo,General,13,38500,Petrol,Manual,110000
2208,Creta,Premium,2,10000,Diesel,Manual,1050000
2218,Sail,General,9,80000,Diesel,Manual,225000
2225,Swift,General,11,70000,Petrol,Manual,175000
2231,Captur,General,5,13500,Diesel,Manual,825000
2235,A4,Premium,9,86000,Diesel,Automatic,1580000
2236,X5,Premium,3,30000,Diesel,Automatic,4950000
2237,Creta,Premium,6,52600,Diesel,Manual,535000
2243,Beat,General,6,41000,Petrol,Manual,239000
2256,Creta,Premium,6,52600,Diesel,Manual,535000
2264,S-Cross,General,7,45974,Diesel,Manual,750000
2267,Santro,General,17,56580,Petrol,Manual,80000
2269,Verna,General,7,55340,Petrol,Manual,760000
2270,Swift,General,5,46507,Diesel,Manual,600000
2273,Alto,General,11,70000,Petrol,Manual,150000
2281,Sunny,General,10,110000,Diesel,Manual,300000
2282,Santro,General,17,56580,Petrol,Manual,80000
2290,BMW_730LD,Premium,16,30000,Diesel,Automatic,1050000
2306,EON,General,5,19000,Petrol,Manual,250000
2315,City,General,4,29600,Petrol,Manual,1200000
2322,Corolla,Premium,12,80000,Petrol,Automatic,350000
2325,Amaze,General,4,49000,Diesel,Manual,790000
2330,Ertiga,General,3,30000,Diesel,Manual,1100000
2331,Lodgy,General,7,35000,Diesel,Manual,715000
2333,Verna,General,15,80000,Diesel,Manual,175000
2335,Alto,General,9,25000,Petrol,Manual,92800
2336,Xenon,General,8,90000,Diesel,Manual,291000
2342,WagonR,General,17,70000,Petrol,Manual,75000
2344,Santro,General,9,60000,Petrol,Manual,270000
2352,Etios,General,10,137250,Diesel,Manual,345000
2353,Scorpio,Premium,9,110000,Diesel,Manual,500000
2354,Grand_i10,General,5,27000,Petrol,Manual,595000
2356,Vento,General,3,5400,Diesel,Manual,1350000
2357,KWID,General,2,1000,Petrol,Manual,541000
2359,Figo,General,3,13000,Diesel,Manual,894999
2369,Swift,General,4,30000,Petrol,Manual,700000
2374,Alto,General,9,47000,Petrol,Manual,225000
2375,Nexon,General,4,11200,Petrol,Manual,570000
2376,Alto,General,4,35000,Petrol,Manual,305000
2379,Omni,General,4,20000,Petrol,Manual,288000
2380,Bolero,General,5,75000,Diesel,Manual,800000
2383,Eeco,General,8,30000,Petrol,Manual,325000
2384,Duster,Premium,9,73000,Diesel,Manual,450000
2387,Santro,General,15,85000,Petrol,Manual,135000
2389,Swift,General,10,55000,Diesel,Manual,350000
2395,Alto,General,15,100000,Petrol,Manual,90000
2397,Figo,General,9,90000,Diesel,Manual,285000
2398,Innova,General,11,167000,Diesel,Manual,665000
2399,Scorpio,Premium,17,150000,Diesel,Manual,175000
2401,City,General,4,22000,Petrol,Automatic,1225000
2404,Amaze,General,4,32114,Diesel,Manual,780000
2406,Swift,General,16,95149,Petrol,Manual,160000
2409,City,General,8,90000,Diesel,Manual,515000
2411,Alto,General,13,80000,Petrol,Manual,140000
2415,Sunny,General,7,50000,Diesel,Manual,450000
2416,Etios,General,10,56000,Diesel,Manual,409999
2419,TUV,General,5,80000,Diesel,Manual,650000
2420,Getz,General,12,105546,Petrol,Manual,150000
2422,Innova,General,10,80000,Diesel,Manual,1000000
2424,Elite,General,3,11240,Petrol,Manual,800000
2426,Etios,General,11,120000,Diesel,Manual,350000
2428,Scorpio,Premium,8,130000,Diesel,Manual,700000
2431,City,General,11,110000,Petrol,Manual,310000
2433,Alto,General,13,80000,Petrol,Manual,130000
2436,Swift,General,11,100000,Petrol,Manual,150000
2438,Creta,Premium,6,90000,Diesel,Manual,950000
2442,Renault,General,13,30000,Petrol,Manual,200000
2443,Indigo,General,12,96000,Diesel,Manual,250000
2444,Marazzo,General,4,10000,Diesel,Manual,1300000
2451,Ecosport,Premium,9,100000,Petrol,Manual,350000
2456,KWID,General,5,18500,Petrol,Manual,325000
2459,XUV500,Premium,10,53600,Diesel,Manual,711000
2460,Innova,General,7,53652,Diesel,Manual,851000
2461,Ritz,General,11,52895,Diesel,Manual,260000
2464,Scorpio,Premium,10,60236,Diesel,Manual,550000
2470,Punto,General,8,120000,Diesel,Manual,270000
2473,Altroz,General,2,5000,Petrol,Manual,500000
2480,Baleno,General,4,7600,Petrol,Automatic,600000
2483,Indica,General,12,110000,Petrol,Manual,75000
2487,EON,General,3,5000,Petrol,Manual,400000
2488,Tigor,General,4,40000,Petrol,Manual,459999
2489,Xcent,General,5,43000,Diesel,Manual,450000
2493,Beat,General,9,93900,Diesel,Manual,130000
2497,Optra,General,10,25000,Diesel,Manual,300000
2499,A-Star,General,13,25000,Petrol,Manual,145000
2505,KUV,General,6,21000,Petrol,Manual,420000
2506,Alto,General,6,20000,Petrol,Manual,350000
2513,EON,General,10,55766,Petrol,Manual,150000
2514,Micra,General,11,40000,Petrol,Manual,275000
2518,Duster,Premium,9,1000,Diesel,Manual,450000
2521,Indigo,General,7,68745,Diesel,Manual,225000
2522,Alto,General,16,132000,Petrol,Manual,165000
2524,XUV500,Premium,6,47000,Diesel,Manual,900000
2530,EON,General,6,24662,Petrol,Manual,320000
2535,KUV,General,6,31367,Diesel,Manual,470000
2537,Santro,General,13,27005,Petrol,Manual,195000
2547,Aspire,General,4,20000,Diesel,Manual,861999
2552,Jazz,General,6,105429,Petrol,Manual,612000
2561,Jetta,General,10,55300,Diesel,Automatic,735000
2562,Amaze,General,6,11958,Petrol,Manual,495000
2566,i20,General,8,23122,Petrol,Manual,475000
2568,Bolero,General,9,62200,Diesel,Manual,325000
2569,A6,Premium,8,34000,Diesel,Automatic,1470000
2571,A8,Premium,9,49000,Diesel,Automatic,2800000
2575,A4,Premium,9,53000,Diesel,Automatic,1150000
2577,E-Class,Premium,4,9800,Petrol,Automatic,4500000
2582,Swift,General,16,110000,Petrol,Manual,95000
2584,Tigor,General,3,17000,Petrol,Manual,670000
2585,Alto,General,14,140000,Petrol,Manual,65000
2586,Xylo,General,7,50000,Diesel,Manual,500000
2588,WagonR,General,5,70000,Petrol,Manual,350000
2589,Beat,General,10,70000,Diesel,Manual,200000
2594,Innova,General,4,15000,Diesel,Manual,1700000
2597,Elite,General,3,5200,Petrol,Manual,600000
2598,Beat,General,12,60000,Petrol,Manual,99000
2600,Indigo,General,16,40000,Petrol,Manual,75000
2605,i20,General,5,70000,Petrol,Manual,600000
2609,XUV500,Premium,4,20000,Diesel,Manual,1400000
2610,KWID,General,4,20000,Petrol,Manual,300000
2613,X1,Premium,3,9500,Diesel,Automatic,2600000
2622,EON,General,7,80000,Petrol,Manual,170000
2625,Spark,General,11,68519,Petrol,Manual,130000
2631,City,General,12,50000,Petrol,Manual,400000
2632,Zen,General,20,120000,Petrol,Manual,100000
2642,Alto,General,24,120000,Petrol,Manual,70000
2644,Swift,General,7,60000,Diesel,Manual,350000
2649,Xylo,General,12,120000,Diesel,Manual,325000
2651,Bolero,General,13,178000,Diesel,Manual,300000
2654,Tiago,General,3,3000,Petrol,Manual,425000
2657,Xcent,General,8,60000,Petrol,Manual,335000
2658,Optra,General,16,79000,Petrol,Manual,120000
2660,Getz,General,17,70000,Petrol,Manual,250000
2662,SX4,General,12,70000,Petrol,Manual,250000
2671,EcoSport,Premium,5,19000,Petrol,Manual,800000
2676,Innova,General,10,70000,Diesel,Manual,725000
2679,KWID,General,5,55000,Petrol,Manual,350000
2681,Ritz,General,10,80000,Diesel,Manual,300000
2682,Q5,Premium,12,110000,Petrol,Automatic,1100000
2684,Tiago,General,4,30000,Petrol,Manual,500000
2690,Ecosport,Premium,8,110000,Diesel,Manual,550000
2693,Innova,General,10,220000,Diesel,Manual,800000
2694,Eeco,General,4,25000,Petrol,Manual,300000
2700,Alto,General,14,30000,Petrol,Manual,114999
2701,Fortuner,Premium,8,50000,Diesel,Manual,1800000
2705,WagonR,General,11,40000,Petrol,Manual,170000
2706,Verna,General,8,100000,Petrol,Manual,550000
2708,Elantra,General,8,30000,Diesel,Manual,650000
2717,Indigo,General,13,50000,Diesel,Manual,130000
2719,City,General,12,90000,Petrol,Manual,254999
2721,i10,General,10,50000,Petrol,Manual,210000
2729,WagonR,General,9,62000,Petrol,Manual,229999
2730,Ecosport,Premium,4,10000,Petrol,Automatic,875000
2731,Eeco,General,12,80000,CNG,Manual,170000
2739,Grand_i10,General,5,19890,Petrol,Automatic,550000
2745,S-Cross,General,7,45974,Diesel,Manual,750000
2747,A6,Premium,9,58500,Diesel,Automatic,1300000
2749,Laura,General,10,52000,Diesel,Manual,385000
2750,Verna,General,7,55340,Petrol,Manual,760000
2753,Ignis,General,3,40000,Petrol,Manual,450000
2760,Grand_i10,General,3,15000,Petrol,Manual,500000
2763,WagonR,General,20,117000,Petrol,Manual,70000
2765,Innova,General,10,110000,Diesel,Manual,730000
2772,Verna,General,8,70000,Diesel,Manual,650000
2777,Esteem,General,16,90000,Petrol,Manual,90000
2779,Jazz,General,5,24585,Diesel,Manual,700000
2784,Figo,General,11,110000,Diesel,Manual,190000
2785,Figo,General,11,100000,Diesel,Manual,150000
2786,Zen,General,13,65000,Petrol,Manual,125000
2787,Amaze,General,7,40000,Diesel,Manual,290000
2788,Celerio,General,3,13900,Petrol,Manual,490000
2789,Tigor,General,5,17563,Petrol,Manual,434999
2796,Amaze,General,5,15000,Petrol,Manual,430000
2800,X1,Premium,10,120000,Diesel,Automatic,700000
2801,WagonR,General,15,70000,LPG,Manual,100000
2802,Grand_i10,General,7,90000,Petrol,Manual,300000
2807,Verna,General,12,120000,Diesel,Manual,280000
2809,Rapid,General,9,120000,Diesel,Manual,210000
2810,Q3,Premium,8,110000,Diesel,Automatic,1150000
2818,Alto,General,15,40000,Petrol,Manual,75000
2820,Sonata,General,16,80000,Petrol,Automatic,275000
2824,Indigo,General,9,125000,Diesel,Manual,125000
2827,Micra,General,6,33000,Petrol,Manual,440000
2828,Swift,General,9,80000,Diesel,Manual,250000
2831,Alto,General,3,5000,Petrol,Manual,240000
2842,Jazz,General,4,9700,Petrol,Manual,836000
2843,Polo,Premium,10,62000,Petrol,Manual,375000
2850,Alto,General,6,40000,Petrol,Manual,350000
2855,Innova,General,13,160000,Diesel,Manual,760000
2857,Micra,General,9,28740,Petrol,Manual,363000
2864,Verna,General,11,90000,Diesel,Manual,390000
2865,WagonR,General,12,50000,Petrol,Manual,260000
2870,Santro,General,17,80000,Petrol,Manual,140000
2874,Swift,General,6,80000,Diesel,Manual,540000
2880,Spark,General,9,53000,Petrol,Manual,165000
2881,Linea,General,12,65000,Diesel,Manual,221000
2883,Figo,General,10,42000,Petrol,Manual,260000
2888,Vento,General,11,53000,Petrol,Manual,305000
2897,EON,General,10,60000,Petrol,Manual,204999
2899,WagonR,General,7,120000,Petrol,Manual,190000
2900,Alto,General,10,50000,Petrol,Manual,150000
2903,Ertiga,General,3,11000,Petrol,Automatic,950000
2904,Swift,General,9,80000,Petrol,Manual,475000
2906,Fiesta,General,9,75000,Diesel,Manual,450000
2909,City,General,8,60000,Diesel,Manual,350000
2910,Indica,General,11,160000,Diesel,Manual,229999
2916,SX4,General,10,70000,Diesel,Manual,310000
2918,Verna,General,5,40000,Diesel,Manual,1200000
2921,Santro,General,12,90000,Petrol,Manual,155000
2923,Quanto,General,6,80000,Diesel,Manual,400000
2926,Santro,General,20,70000,Petrol,Manual,80000
2927,SX4,General,13,120000,Petrol,Automatic,130000
2935,Eeco,General,5,8352,Petrol,Manual,425000
2938,Polo,Premium,10,49000,Petrol,Manual,271000
2941,EON,General,8,37605,Petrol,Manual,260000
2943,Nano,General,12,58850,Petrol,Manual,75000
2944,Etios,General,7,23839,Petrol,Manual,421000
2947,Vento,General,10,45454,Diesel,Manual,390000
2948,Rapid,General,7,46957,Diesel,Automatic,599000
2950,Alto,General,6,30000,Petrol,Manual,300000
2952,Innova,General,15,173000,Diesel,Manual,440000
2954,Santro,General,16,120000,Petrol,Manual,100000
2957,Alto,General,16,60000,Petrol,Manual,90000
2959,Fabia,General,11,60000,Diesel,Manual,275000
2961,Swift,General,10,176823,Diesel,Manual,225000
2962,Alto,General,8,40000,Petrol,Manual,200000
2966,Swift,General,5,90000,Diesel,Manual,650000
2967,WagonR,General,5,19000,Petrol,Manual,380000
2970,Zen,General,12,68000,CNG,Manual,145000
2972,Swift,General,8,30000,Diesel,Manual,254999
2975,Rapid,General,5,44500,Petrol,Automatic,850000
2977,i20,General,6,26000,Petrol,Manual,650000
2978,i20,General,6,26000,Petrol,Manual,650000
2982,Grand_i10,General,8,120000,Petrol,Manual,300000
2985,EON,General,6,43700,Petrol,Manual,220000
2986,Indica,General,13,120000,Petrol,Manual,68000
2989,Eeco,General,4,25000,Petrol,Manual,300000
2994,Fiesta,General,13,100000,Diesel,Manual,110000
2996,i20,General,12,40000,Petrol,Manual,250000
3002,Zen,General,12,50000,Petrol,Manual,130000
3004,Swift,General,5,67000,Diesel,Manual,650000
3011,i20,General,7,90000,Petrol,Manual,516000
3012,i20,General,8,80000,Petrol,Manual,450000
3015,Polo,Premium,6,20000,Petrol,Manual,500000
3020,Alto,General,2,5000,Petrol,Manual,347000
3027,Bolero,General,18,168000,Diesel,Manual,229999
3036,Laura,General,16,75000,Diesel,Manual,500000
3039,Alto,General,13,70000,Petrol,Manual,72000
3044,Eeco,General,3,10000,CNG,Manual,470000
3048,Vento,General,10,97000,Diesel,Manual,215000
3061,Endeavour,Premium,4,56000,Diesel,Automatic,2675000
3062,Endeavour,Premium,5,60000,Diesel,Automatic,2675000
3067,Swift,General,13,160000,Diesel,Manual,270000
3073,Creta,Premium,4,30000,Diesel,Manual,1250000
3074,Swift,General,11,120000,Diesel,Manual,270000
3076,Laura,General,10,110000,Diesel,Manual,400000
3077,Fiesta,General,15,170000,Petrol,Manual,100000
3083,Nano,General,10,35000,Petrol,Manual,45000
3085,Swift,General,9,31800,Diesel,Manual,495000
3089,i20,General,9,22700,Diesel,Manual,425000
3091,Ciaz,General,6,50900,Diesel,Manual,675000
3094,Ritz,General,11,80000,Petrol,Manual,250000
3103,Fiesta,General,13,100000,Diesel,Manual,110000
3104,EON,General,6,30000,Petrol,Manual,250000
3108,Eeco,General,2,7000,CNG,Manual,495000
3114,Ikon,General,17,80000,Petrol,Manual,50000
3126,Verna,General,14,146000,Diesel,Manual,229999
3133,Alto,General,13,90000,Petrol,Manual,114999
3137,Alto,General,16,140300,Petrol,Manual,150000
3138,Alto,General,12,70000,Petrol,Manual,115999
3144,Swift,General,7,24600,Petrol,Manual,475000
3146,Ecosport,Premium,9,100000,Petrol,Manual,350000
3151,KWID,General,5,18500,Petrol,Manual,325000
3152,EON,General,10,48000,Petrol,Manual,225000
3154,Bolero,General,5,50000,Diesel,Manual,400000
3160,Celerio,General,7,120000,Diesel,Manual,350000
3161,Celerio,General,5,35000,Petrol,Manual,409999
3162,Verna,General,10,130000,Diesel,Manual,500000
3169,GO,General,6,35000,Petrol,Manual,300000
3171,Fiesta,General,15,98000,Diesel,Manual,130000
3173,Alto,General,20,60000,Petrol,Manual,120000
3189,WagonR,General,10,80000,Petrol,Manual,290000
3200,Vento,General,11,97000,Diesel,Manual,260000
3208,Jetta,General,5,60800,Petrol,Manual,936999
3212,Innova,General,8,70000,Diesel,Manual,520000
3213,Maruti 800,General,15,120000,Petrol,Manual,80000
3214,Nano,General,8,40000,Petrol,Manual,55000
3220,Indica,General,14,90000,Diesel,Manual,80000
3222,Innova,General,17,120000,Diesel,Manual,310000
3225,Creta,Premium,6,70000,Diesel,Manual,840000
3227,Indica,General,12,81000,Diesel,Manual,125000
3231,EcoSport,Premium,5,49213,Diesel,Manual,840000
3232,i10,General,7,40000,Petrol,Manual,229999
3233,Maruti 800,General,10,40000,Petrol,Manual,40000
3238,Bolt,General,6,120000,Diesel,Manual,250000
3240,EON,General,9,3240,Petrol,Manual,280000
3248,Ikon,General,17,4637,Petrol,Manual,61000
3254,Beat,General,9,93900,Diesel,Manual,130000
3255,Maruti 800,General,15,70000,Petrol,Manual,60000
3256,Scorpio,Premium,17,120000,Diesel,Manual,120000
3258,Accent,General,17,120000,Diesel,Manual,100000
3263,WagonR,General,20,117000,Petrol,Manual,70000
3271,Enjoy,General,8,110000,Diesel,Manual,350000
3276,EON,General,10,44588,Petrol,Manual,250000
3277,Ecosport,Premium,6,57904,Diesel,Manual,650000
3283,Tucson,General,4,40000,Diesel,Automatic,1600000
3284,Nexon,General,3,10000,Petrol,Manual,800000
3286,Alto,General,6,25000,Petrol,Manual,300000
3288,RediGO,General,3,1300,Petrol,Manual,350000
3292,Captiva,General,11,76000,Diesel,Manual,400000
3301,Grand_i10,General,7,70000,Diesel,Manual,300000
3305,Alto,General,8,90000,Petrol,Manual,190000
3309,Zest,General,7,120000,Petrol,Manual,250000
3311,Santro,General,20,70000,Petrol,Manual,68000
3313,Verna,General,5,50000,Diesel,Manual,900000
3314,Alto,General,15,52000,Petrol,Manual,100000
3329,Grand_i10,General,9,73000,Diesel,Manual,320000
3332,Brezza,General,5,50000,Diesel,Manual,700000
3334,i20,General,5,84000,Diesel,Manual,655000
3336,Beat,General,11,110000,LPG,Manual,200000
3337,Duster,Premium,10,150000,Diesel,Manual,375000
3342,Eeco,General,4,20000,Petrol,Manual,270000
3343,Superb,General,12,80000,Petrol,Manual,300000
3346,Safari,Premium,4,15000,Diesel,Manual,1085000
3348,WR-V,Premium,5,25552,Petrol,Manual,700000
3353,XUV500,Premium,5,65500,Diesel,Automatic,1150000
3354,Indigo,General,14,42000,Petrol,Manual,110000
3355,City,General,4,8000,Petrol,Manual,890000
3360,Baleno,General,4,11174,Petrol,Manual,690000
3365,Sunny,General,9,105000,Diesel,Manual,325000
3367,Verna,General,4,30000,Diesel,Manual,860000
3368,S-Cross,General,5,41000,Diesel,Manual,690000
3373,Eeco,General,9,76600,Petrol,Manual,280000
3375,Polo,Premium,11,110000,Diesel,Manual,350000
3391,Maruti 800,General,12,50000,Petrol,Manual,45000
3395,Swift,General,6,35000,Petrol,Manual,620000
3398,WagonR,General,7,40000,Petrol,Manual,260000
3403,i10,General,14,102000,Petrol,Manual,125000
3406,Harrier,Premium,3,10000,Diesel,Manual,1700000
3408,Ignis,General,3,15000,Petrol,Manual,500000
3410,Linea,General,11,20000,Petrol,Manual,500000
3412,Civic,Premium,14,90000,Petrol,Manual,320000
3413,Civic,Premium,15,47000,Petrol,Automatic,250000
3414,Figo,General,12,90000,Diesel,Manual,105000
3424,Swift,General,4,38000,Diesel,Manual,545000
3425,WagonR,General,7,25000,Petrol,Manual,250000
3426,Venue,General,2,1100,Petrol,Manual,1050000
3427,WagonR,General,15,100000,Petrol,Manual,100000
3428,Figo,General,8,100000,Diesel,Manual,250000
3430,Figo,General,6,60000,Diesel,Manual,350000
3431,Duster,Premium,10,70000,Diesel,Manual,370000
3432,Zen,General,18,110000,Petrol,Manual,121000
3435,Ciaz,General,4,30000,Diesel,Manual,850000
3436,WagonR,General,6,30000,Petrol,Manual,375000
3441,Zen,General,12,50000,Petrol,Manual,130000
3446,SX4,General,11,160000,Petrol,Manual,150000
3453,A4,Premium,10,60000,Petrol,Automatic,1200000
3457,EON,General,4,30000,Petrol,Manual,300000
3461,Verna,General,15,50000,Petrol,Manual,123000
3464,Indica,General,12,90000,Diesel,Manual,110000
3466,Grand_i10,General,7,70000,Petrol,Manual,320000
3467,WagonR,General,8,50000,Petrol,Manual,300000
3469,Ertiga,General,4,50000,Petrol,Manual,800000
3472,WagonR,General,11,60000,CNG,Manual,160000
3487,Laura,General,3,105000,Diesel,Automatic,475000
3489,Indigo,General,12,80000,Diesel,Manual,150000
3491,XUV500,Premium,6,5000,Diesel,Manual,1290000
3492,Santro,General,18,58000,Petrol,Manual,80000
3496,City,General,7,10000,Petrol,Manual,800000
3499,Figo,General,12,100000,Diesel,Manual,130000
3504,Ritz,General,9,60000,Diesel,Manual,240000
3506,Ritz,General,9,60000,Diesel,Manual,240000
3508,i10,General,9,50000,Petrol,Manual,265000
3515,Tiago,General,4,80000,Petrol,Manual,420000
3520,EcoSport,Premium,4,19000,Petrol,Manual,850000
3521,Alto,General,14,54000,Petrol,Manual,140000
3529,XUV500,Premium,5,15000,Diesel,Automatic,1350000
3532,Ignis,General,4,25000,Petrol,Automatic,700000
3533,Nexon,General,3,25000,Diesel,Manual,800000
3535,Swift,General,7,60000,Diesel,Manual,465000
3542,Scorpio,Premium,3,10000,Diesel,Manual,1000000
3544,Scorpio,Premium,9,120000,Diesel,Manual,450000
3545,Figo,General,5,40000,Diesel,Manual,545000
3548,Etios,General,6,159000,Diesel,Manual,650000
3549,Ecosport,Premium,8,75000,Diesel,Manual,525000
3551,Indica,General,11,66000,Diesel,Manual,180000
3552,i10,General,10,30000,Petrol,Manual,280000
3553,KWID,General,3,10000,Petrol,Manual,400000
3554,XUV500,Premium,10,126000,Diesel,Manual,625000
3558,Civic,Premium,15,60000,Petrol,Automatic,280000
3562,Manza,General,11,80000,Diesel,Manual,180000
3565,Micra,General,11,120000,Diesel,Manual,160000
3569,Scorpio,Premium,3,35000,Diesel,Manual,1350000
3571,BR-V,General,4,42000,Diesel,Manual,1040000
3573,Nano,General,11,60000,Petrol,Manual,65000
3574,Polo,Premium,9,115000,Diesel,Manual,320000
3576,Swift,General,15,80000,Petrol,Manual,220000
3582,Endeavour,Premium,13,105000,Diesel,Manual,500000
3590,LandRover,Premium,10,149000,Diesel,Automatic,2349000
3595,Alto,General,10,90000,Petrol,Manual,200000
3602,Verna,General,8,50000,Diesel,Manual,550000
3604,Omni,General,8,60516,Petrol,Manual,250000
3608,Swift,General,8,65000,Diesel,Manual,540000
3612,Micra,General,8,63840,Petrol,Manual,280000
3615,Zen,General,15,70000,Petrol,Manual,42000
3621,Zen,General,11,70000,Petrol,Manual,229999
3626,Maruti 800,General,15,52000,Petrol,Manual,60000
3631,i20,General,4,40000,Diesel,Manual,830000
3636,Verna,General,8,50000,Petrol,Manual,600000
3637,i10,General,10,50000,Petrol,Manual,210000
3638,Zen,General,15,81366,Petrol,Manual,120000
3639,Esteem,General,16,110000,Petrol,Manual,95000
3650,Brezza,General,6,65000,Diesel,Manual,975000
3651,Captiva,General,13,130000,Diesel,Manual,500000
3658,KWID,General,5,36000,Petrol,Manual,280000
3667,Quanto,General,10,80000,Diesel,Manual,290000
3669,EON,General,7,80000,Petrol,Manual,225000
3672,Innova,General,16,130000,Diesel,Manual,400000
3677,Tiago,General,4,4000,Petrol,Manual,360000
3678,Figo,General,5,10832,Petrol,Manual,530000
3679,i10,General,13,50000,Petrol,Manual,250000
3681,Duster,Premium,9,62668,Diesel,Manual,570000
3686,Spark,General,12,15000,Petrol,Manual,180000
3691,Grand_i10,General,5,5000,Petrol,Manual,495000
3695,Duster,Premium,9,45000,Diesel,Manual,421000
3700,Fortuner,Premium,13,110000,Diesel,Manual,1100000
3702,Aveo,General,15,110000,Petrol,Manual,80000
3704,EON,General,10,14987,Petrol,Manual,245000
3709,Jazz,General,6,65000,Diesel,Manual,495000
3714,BMW_320D,Premium,4,39000,Diesel,Automatic,2300000
3723,Grand_i10,General,4,35000,Petrol,Automatic,550000
3724,Vento,General,7,43000,Petrol,Manual,509999
3725,Alto,General,5,50000,Petrol,Manual,320000
3727,XUV500,Premium,9,122252,Diesel,Manual,550000
3733,Maruti 800,General,16,70000,Petrol,Manual,55000
3734,City,General,8,100000,Diesel,Manual,600000
3737,Swift,General,9,120000,Diesel,Manual,365000
3742,Figo,General,11,120000,Diesel,Manual,150000
3747,Scorpio,Premium,8,15000,Diesel,Manual,800000
3749,Fiesta,General,10,38000,Petrol,Manual,350000
3753,A-Star,General,10,70000,Petrol,Automatic,150000
3762,Indigo,General,10,120000,Diesel,Manual,200000
3763,Ecosport,Premium,7,68000,Diesel,Manual,650000
3766,Accent,General,10,67000,CNG,Manual,185000
3773,Innova,General,9,70000,Diesel,Manual,700000
3774,WagonR,General,15,162000,LPG,Manual,70000
3775,Fortuner,Premium,12,175000,Diesel,Manual,1250000
3779,Innova,General,9,70000,Diesel,Manual,775000
3781,Amaze,General,7,80000,Petrol,Manual,360000
3782,Corolla,Premium,12,120000,Diesel,Manual,250000
3785,Alto,General,12,90000,Petrol,Manual,120000
3787,Thar,General,11,120000,Diesel,Manual,400000
3795,i20,General,5,65000,Petrol,Manual,620000
3797,Alto,General,15,70000,Petrol,Manual,100000
3805,Scala,General,7,60000,Diesel,Manual,370000
3806,Rapid,General,8,70000,Diesel,Manual,360000
3814,XUV500,Premium,7,70000,Diesel,Automatic,750000
3832,Bolero,General,4,35000,Diesel,Manual,795000
3833,Winger,General,11,220000,Diesel,Manual,300000
3838,Xylo,General,8,145000,Diesel,Manual,350000
3846,Indigo,General,9,100000,Diesel,Manual,220000
3853,Creta,Premium,5,23000,Petrol,Automatic,1035000
3856,Fortuner,Premium,3,5000,Diesel,Automatic,3100000
3860,i20,General,6,48220,Petrol,Manual,660000
3861,i20,General,5,11114,Petrol,Manual,700000
3866,Q5,Premium,7,30000,Diesel,Automatic,3200000
3867,Hector,General,3,18000,Petrol,Automatic,1860000
3873,Swift,General,4,30000,Petrol,Manual,600000
3882,Alto,General,20,90000,Petrol,Manual,61000
3887,Getz,General,15,90000,Petrol,Manual,110000
3891,Indica,General,12,160000,Petrol,Manual,90000
3901,EON,General,8,55000,Petrol,Manual,280000
3906,Linea,General,12,90000,Petrol,Manual,215000
3908,Nexon,General,4,35000,Petrol,Manual,775000
3910,Maruti 800,General,17,70000,Petrol,Manual,65000
3915,Sumo,General,6,60000,Diesel,Manual,500000
3925,Cruze,General,11,74000,Diesel,Manual,350000
3926,Figo,General,2,45000,Diesel,Manual,530000
3929,WR-V,Premium,5,29976,Petrol,Manual,725000
3932,Jazz,General,5,36000,Diesel,Manual,725000
3935,City,General,8,71318,Diesel,Manual,665000
3937,EON,General,8,30000,Petrol,Manual,225000
3939,Santro,General,14,67000,Petrol,Manual,145000
3946,i20,General,6,20000,Diesel,Manual,680000
3947,TUV,General,6,40000,Diesel,Manual,700000
3948,Indigo,General,11,120000,Diesel,Manual,180000
3951,Xylo,General,4,70000,Diesel,Manual,1100000
3962,GLS,General,6,77350,Diesel,Automatic,5500000
3966,Grand_i10,General,3,30000,Petrol,Manual,500000
3969,Figo,General,10,250000,Diesel,Manual,175000
3973,Creta,Premium,7,90000,Diesel,Manual,1025000
3985,Zen,General,20,97000,Petrol,Manual,93000
3986,Figo,General,10,125000,Diesel,Manual,290000
3988,XUV500,Premium,7,120000,Diesel,Manual,1000000
3989,i20,General,7,87000,Diesel,Manual,550000
3990,Punto,General,12,75000,Diesel,Manual,285000
3992,Creta,Premium,7,25000,Petrol,Manual,850000
3996,Sail,General,7,35000,Petrol,Manual,260000
3998,Safari,Premium,15,80000,Petrol,Manual,550000
4003,Swift,General,3,51000,Petrol,Manual,550000
4010,Linea,General,12,90000,Petrol,Manual,215000
4011,Scala,General,9,38500,Diesel,Manual,550000
4012,Nexon,General,4,35000,Petrol,Manual,775000
4013,Gypsy,General,20,49359,Petrol,Manual,409999
4014,Maruti 800,General,17,70000,Petrol,Manual,65000
4027,EON,General,4,20000,Petrol,Manual,300000
4028,Xcent,General,5,80000,Diesel,Manual,350000
4030,Celerio,General,5,14000,Petrol,Manual,430999
4033,Eeco,General,5,51000,Petrol,Manual,350000
4034,Alto,General,4,56000,Petrol,Manual,315000
4041,Alto,General,4,38900,Petrol,Manual,320000
4043,WagonR,General,14,110000,Petrol,Manual,120000
4049,TUV,General,4,40000,Diesel,Manual,784000
4052,XUV500,Premium,4,50000,Diesel,Automatic,1400000
4058,i10,General,11,28000,Petrol,Manual,250000
4060,Verna,General,5,31000,Diesel,Automatic,1050000
4063,i20,General,11,72000,Petrol,Manual,375000
4068,WagonR,General,4,14000,Petrol,Manual,440000
4070,Scorpio,Premium,9,110000,Diesel,Manual,450000
4072,Alto,General,3,5000,Petrol,Manual,300000
4073,Sail,General,8,100000,Petrol,Manual,170000
4074,Etios,General,10,120000,Diesel,Manual,280000
4076,Santro,General,13,100000,Petrol,Manual,140000
4080,Verna,General,12,130000,Diesel,Manual,300000
4081,Maruti 800,General,13,150000,Petrol,Manual,120000
4082,Creta,Premium,6,52600,Diesel,Manual,535000
4084,Grand_i10,General,5,19890,Petrol,Automatic,550000
4093,City,General,7,63240,Diesel,Manual,575000
4105,Jazz,General,7,38000,Diesel,Manual,450000
4108,Santro,General,16,110000,Petrol,Manual,80000
4117,i10,General,10,40000,Petrol,Manual,240000
4121,Swift,General,13,52536,Petrol,Manual,199000
4122,Xylo,General,11,100000,Diesel,Manual,330000
4123,Ritz,General,13,80000,Petrol,Manual,150000
4127,Swift,General,7,90000,Diesel,Manual,350000
4128,Scorpio,Premium,16,50000,Diesel,Manual,125000
4129,Santro,General,14,90000,Petrol,Manual,150000
4130,EON,General,7,25000,Petrol,Manual,250000
4132,S-Cross,General,4,30000,Diesel,Manual,950000
4141,Beat,General,11,56000,Diesel,Manual,221000
4144,SX4,General,14,10000,Petrol,Manual,350000
4150,SX4,General,5,90000,Diesel,Manual,700000
4151,Nano,General,8,7000,Petrol,Manual,45000
4152,Indigo,General,10,120000,Diesel,Manual,125000
4154,Ecosport,Premium,4,37161,Diesel,Manual,800000
4162,Accord,General,13,40000,Petrol,Automatic,428000
4165,Ertiga,General,5,40000,Diesel,Manual,500000
4167,Scorpio,Premium,6,60000,Diesel,Manual,509999
4170,Amaze,General,9,65000,Diesel,Manual,325000
4172,Creta,Premium,7,84000,Diesel,Manual,850000
4174,Swift,General,15,50000,Diesel,Manual,225000
4178,KWID,General,7,14365,Petrol,Manual,275000
4179,Fortuner,Premium,5,41000,Diesel,Automatic,2750000
4188,SX4,General,15,80000,Petrol,Manual,160000
4189,Ciaz,General,5,51500,Diesel,Manual,749000
4191,EcoSport,Premium,8,79800,Diesel,Manual,550000
4197,Endeavour,Premium,6,126000,Diesel,Automatic,1800000
4206,Ecosport,Premium,7,135000,Diesel,Manual,550000
4208,Ameo,General,5,98000,Diesel,Manual,590000
4213,Punto,General,5,70000,Diesel,Manual,450000
4219,Swift,General,7,90000,Diesel,Manual,484999
4221,XUV500,Premium,7,70000,Diesel,Manual,1225000
4223,Verito,General,7,120000,Diesel,Manual,350000
4231,Grand_i10,General,5,66000,Diesel,Manual,490000
4232,Ertiga,General,5,64000,Diesel,Manual,880000
4233,Santro,General,9,49000,Petrol,Manual,290000
4234,Sumo,General,16,100000,Diesel,Manual,115999
4236,Jazz,General,13,50000,Petrol,Manual,300000
4238,Swift,General,8,101000,Diesel,Manual,480000
4239,Swift,General,6,55000,Diesel,Manual,630000
4240,City,General,15,115000,Petrol,Manual,190000
4246,Ertiga,General,5,60000,Diesel,Manual,890000
4250,Baleno,General,5,52000,Petrol,Manual,625000
4255,Brezza,General,5,72000,Diesel,Manual,685000
4259,Swift,General,6,55000,Diesel,Manual,630000
4266,Ertiga,General,5,60000,Diesel,Manual,890000
4268,XUV500,Premium,8,118000,Diesel,Manual,650000
4270,Indigo,General,7,110000,Diesel,Manual,300000
4271,Amaze,General,2,1000,Petrol,Manual,614000
4275,WagonR,General,9,52000,Petrol,Manual,290000
4278,Alto,General,17,124000,Petrol,Manual,100000
4281,Alto,General,14,120000,Petrol,Manual,110000
4282,Swift,General,3,40000,Diesel,Manual,680000
4287,XUV500,Premium,7,45000,Diesel,Automatic,740000
4288,Scorpio,Premium,7,50000,Diesel,Manual,630000
4290,Santro,General,3,5007,Petrol,Automatic,484999
4295,BMW_730LD,Premium,16,30000,Diesel,Automatic,1050000
4296,Verna,General,12,38000,Petrol,Manual,190000
4297,Q5,Premium,4,22000,Diesel,Automatic,3899000
4301,Alto,General,4,35000,Petrol,Manual,200000
4306,Endeavour,Premium,3,10000,Diesel,Automatic,2800000
4317,Alto,General,7,40000,Petrol,Manual,155000
4319,City,General,17,150000,Petrol,Manual,65000
4321,Verito,General,10,112198,Diesel,Manual,200000
4325,Scorpio,Premium,7,120000,Diesel,Manual,750000
4329,i20,General,8,80000,Diesel,Manual,409999
4330,Maruti 800,General,13,83000,Petrol,Manual,110000
